config_name,category,recall@1,ndcg@1,mrr@1,recall@5,ndcg@5,mrr@5,recall@10,ndcg@10,mrr@10
division,astrophysics_division,0.298677139313766,0.298677139313766,0.298677139313766,0.43881769326167835,0.3747947193455624,0.35334849111202976,0.4809063662670525,0.3885447296313442,0.35910600684396676
division,biological_and_physical_sciences_division,0.24007714952796672,0.24007714952796672,0.24007714952796672,0.38747335295909047,0.31901468005372413,0.2961814367407708,0.44147802253578317,0.3364318991125083,0.3033415751845353
division,earth_science_division,0.3656626850317197,0.3656626850317197,0.3656626850317197,0.5227753329142139,0.45177029348603814,0.4279143091196586,0.5652397553866377,0.46559098105807517,0.43366989896680697
division,heliophysics_division,0.37130977130977133,0.37130977130977133,0.37130977130977133,0.5272349272349273,0.45797030697330976,0.4345945945945946,0.562993762993763,0.4697493366900416,0.4395817245817246
division,planetary_science_division,0.34042730762810886,0.34042730762810886,0.34042730762810886,0.5252044733767318,0.44044498347361344,0.4120889667835086,0.5792021365381406,0.4580565047445127,0.41944441132598365
