config_name,category,recall@1,ndcg@1,mrr@1,recall@5,ndcg@5,mrr@5,recall@10,ndcg@10,mrr@10
programming_language,c++,0.3211884803718151,0.3211884803718151,0.3211884803718151,0.4930699643123911,0.41399013300726734,0.3875508340941157,0.5505851107975765,0.43270189982761453,0.3953386107257797
programming_language,c,0.3171744125713439,0.3171744125713439,0.3171744125713439,0.4816544362908606,0.40655853240780626,0.3814036518172609,0.5366540656734119,0.42446857628665724,0.38886712246730026
programming_language,fortran,0.2834697217675941,0.2834697217675941,0.2834697217675941,0.40916530278232405,0.3514801921449001,0.3321876704855428,0.45073649754500816,0.36488094085453204,0.33769217779856076
programming_language,java,0.1343338213762811,0.1343338213762811,0.1343338213762811,0.24938994631527575,0.19515342025143934,0.17713315438425248,0.2951439726695949,0.21010326274406615,0.18339312827782814
programming_language,javascript,0.394392523364486,0.394392523364486,0.394392523364486,0.5112149532710281,0.45936018721438804,0.4418535825545172,0.5425233644859813,0.4694584149081674,0.4460070835187657
programming_language,matlab,0.18272425249169436,0.18272425249169436,0.18272425249169436,0.24916943521594684,0.2180991197283197,0.20772425249169438,0.27906976744186046,0.22796855950915745,0.21191728629436274
programming_language,python,0.3477484965530729,0.3477484965530729,0.3477484965530729,0.5019312570283088,0.43200262730943517,0.4085317557326553,0.5414120177969002,0.4448815575655194,0.413913500095845
