config_name,category,recall@1,ndcg@1,mrr@1,recall@5,ndcg@5,mrr@5,recall@10,ndcg@10,mrr@10
overall,holistic,0.146819328932483,0.146819328932483,0.146819328932483,0.24062954536978332,0.19746331281373553,0.18303600658055588,0.27225599522619626,0.20774590526539571,0.18731242071039927
