config_name,category,recall@1,ndcg@1,mrr@1,recall@5,ndcg@5,mrr@5,recall@10,ndcg@10,mrr@10
overall,holistic,0.19926901130048857,0.19926901130048857,0.19926901130048857,0.3627469262422457,0.28621878463271533,0.26075680536389895,0.42519176021581573,0.30646360356324753,0.2691417799192013
