config_name,category,recall@1,ndcg@1,mrr@1,recall@5,ndcg@5,mrr@5,recall@10,ndcg@10,mrr@10
division,astrophysics_division,0.18899855312112443,0.18899855312112443,0.18899855312112443,0.34738011575031,0.27311966238862895,0.24842522736668046,0.4080456800330715,0.29277985655711775,0.2565635519399988
division,biological_and_physical_sciences_division,0.17338341285148715,0.17338341285148715,0.17338341285148715,0.3416911988630596,0.2625765653540208,0.23627212127364394,0.4125469495482692,0.285597790161574,0.2458328297989246
division,earth_science_division,0.23484025832999944,0.23484025832999944,0.23484025832999944,0.40755558095673544,0.3276544685268124,0.3009915985597531,0.46876607418414584,0.34749402995522444,0.30920758751386856
division,heliophysics_division,0.2598752598752599,0.2598752598752599,0.2598752598752599,0.42952182952182955,0.34882049303807383,0.3220928620928621,0.488981288981289,0.3681857768416057,0.3301640101640102
division,planetary_science_division,0.18961775997329328,0.18961775997329328,0.18961775997329328,0.35085962276748456,0.27489602212559083,0.24965503811272466,0.41453847437823405,0.2955149868573774,0.25817986238617185
