config_name,category,recall@1,ndcg@1,mrr@1,recall@5,ndcg@5,mrr@5,recall@10,ndcg@10,mrr@10
query_type,nasa_science_class_code_docstring_heldout,0.40832892182812774,0.40832892182812774,0.40832892182812774,0.6331392271042879,0.5307294502029276,0.49639138874183875,0.6984295041468149,0.5518729968405921,0.5051325412230653
query_type,nasa_science_class_code_identifier_heldout,0.10981008139368842,0.10981008139368842,0.10981008139368842,0.23461373696987006,0.17585876914450313,0.15633538007520587,0.29187491075253463,0.19441758512788182,0.16401853854017212
query_type,nasa_science_function_code_docstring_heldout,0.37359069180120863,0.37359069180120863,0.37359069180120863,0.5907819969333453,0.49074873748831477,0.4573144974594871,0.6598268242085326,0.5131784193245408,0.4666309552443087
query_type,nasa_science_function_code_identifier_heldout,0.08120917125656463,0.08120917125656463,0.08120917125656463,0.18807907433499851,0.13652257317325125,0.11951311501074535,0.24166346441227957,0.15388537514289782,0.1266997871263274
