config_name,category,recall@1,ndcg@1,mrr@1,recall@5,ndcg@5,mrr@5,recall@10,ndcg@10,mrr@10
overall,holistic,0.4718979599448029,0.4718979599448029,0.4718979599448029,0.6377254814207038,0.5626623020748857,0.5374625492609306,0.6811994181926677,0.5767823862190862,0.5433263291102772
