config_name,category,recall@1,ndcg@1,mrr@1,recall@5,ndcg@5,mrr@5,recall@10,ndcg@10,mrr@10
division,astrophysics_division,0.1430601488218272,0.1430601488218272,0.1430601488218272,0.23374844977263332,0.1920547644678822,0.17811767948187957,0.26371951219512196,0.2017889237662482,0.18215990759332532
division,biological_and_physical_sciences_division,0.09176733326565831,0.09176733326565831,0.09176733326565831,0.16079585828849863,0.12837435180653833,0.11759212262714445,0.18891483098162623,0.13752313546400227,0.12140077632920997
division,earth_science_division,0.1712865062582157,0.1712865062582157,0.1712865062582157,0.27496142195804996,0.22774884962176525,0.2119229963231792,0.30873864090987024,0.23875098906759326,0.2165114019546208
division,heliophysics_division,0.22203742203742205,0.22203742203742205,0.22203742203742205,0.325987525987526,0.2784960190270198,0.2625848925848926,0.36133056133056135,0.28994895879678434,0.26732435732435733
division,planetary_science_division,0.15339676180938075,0.15339676180938075,0.15339676180938075,0.2612251710899683,0.21124549559513758,0.19457797807822846,0.2971957936905358,0.2229461408042449,0.1994468885868485
