config_name,category,recall@1,ndcg@1,mrr@1,recall@5,ndcg@5,mrr@5,recall@10,ndcg@10,mrr@10
query_type,nasa_science_class_code_docstring_heldout,0.28780659961178756,0.28780659961178756,0.28780659961178756,0.4880889359449444,0.39547958902755764,0.36456679018881244,0.5616728427739545,0.4192581719404963,0.3743692247794948
query_type,nasa_science_class_code_identifier_heldout,0.09138940454091103,0.09138940454091103,0.09138940454091103,0.19620162787376838,0.1466385079023954,0.13019896234946926,0.24717978009424532,0.1631366399538136,0.13701452212090512
query_type,nasa_science_function_code_docstring_heldout,0.2711959953098223,0.2711959953098223,0.2711959953098223,0.4718363849553531,0.3783665363050359,0.3472227233095818,0.5423468927572833,0.4012705881060899,0.3567347930723957
query_type,nasa_science_function_code_identifier_heldout,0.07390803125400282,0.07390803125400282,0.07390803125400282,0.17565432731309508,0.1270339167053332,0.1109517100038427,0.2235600529439392,0.14250868091506963,0.11732880476956305
