config_name,category,recall@1,ndcg@1,mrr@1,recall@5,ndcg@5,mrr@5,recall@10,ndcg@10,mrr@10
division,astrophysics_division,0.2589654816039686,0.2589654816039686,0.2589654816039686,0.4336244315832989,0.3523899640128765,0.32531004547333614,0.4937990905332782,0.371942363483087,0.3334335547123631
division,biological_and_physical_sciences_division,0.21145061415084762,0.21145061415084762,0.21145061415084762,0.3867627652015024,0.30424304678086866,0.27682299597333604,0.4673637194193483,0.3303829290917481,0.28765349742915475
division,earth_science_division,0.3171400811567697,0.3171400811567697,0.3171400811567697,0.4948848374006973,0.41308519983709824,0.3857432702749043,0.5530662399268446,0.43195165503778743,0.39356073286032706
division,heliophysics_division,0.3122661122661123,0.3122661122661123,0.3122661122661123,0.4885654885654886,0.40821189730332585,0.3812820512820512,0.5417879417879418,0.4255526634111306,0.3885120285120285
division,planetary_science_division,0.26264396594892336,0.26264396594892336,0.26264396594892336,0.4514271407110666,0.36345369516646087,0.33415539976631614,0.5197796695042564,0.3855770988766973,0.3432985125836903
