config_name,category,recall@1,ndcg@1,mrr@1,recall@5,ndcg@5,mrr@5,recall@10,ndcg@10,mrr@10
programming_language,c++,0.26334135612913934,0.26334135612913934,0.26334135612913934,0.4626939995020334,0.36880351958589347,0.33761861288626993,0.5428666279359283,0.39489293286509985,0.3484794891758125
programming_language,c,0.25765325031502484,0.25765325031502484,0.25765325031502484,0.44681639611592916,0.35804245326275663,0.32852642502409013,0.5157512415684531,0.38037356432297587,0.3377662415743359
programming_language,fortran,0.23142389525368248,0.23142389525368248,0.23142389525368248,0.3967266775777414,0.3197628836270332,0.29412984178941626,0.4654664484451719,0.34216502286568096,0.303479074117372
programming_language,java,0.15507564665690582,0.15507564665690582,0.15507564665690582,0.30734504636408005,0.23546161036974267,0.21160322108345536,0.3709126403123475,0.256136055426552,0.22020565587549484
programming_language,javascript,0.29392523364485984,0.29392523364485984,0.29392523364485984,0.4602803738317757,0.3831132188784141,0.3573753894080997,0.5149532710280373,0.4006571510896554,0.3645380878207981
programming_language,matlab,0.16777408637873753,0.16777408637873753,0.16777408637873753,0.27740863787375414,0.2259531518069306,0.20883167220376522,0.32059800664451826,0.23998236918688748,0.2146574909033381
programming_language,python,0.29814697110448346,0.29814697110448346,0.29814697110448346,0.4730357404781695,0.39269871296935893,0.3658261216773416,0.5297022441695595,0.41107394719813306,0.3734388617651464
