config_name,category,recall@1,ndcg@1,mrr@1,recall@5,ndcg@5,mrr@5,recall@10,ndcg@10,mrr@10
programming_language,c++,0.13660884720723712,0.13660884720723712,0.13660884720723712,0.23728110216615486,0.1899069262443128,0.17416936398594626,0.27761639970122004,0.20302483610569697,0.17962779628685513
programming_language,c,0.1645541472092506,0.1645541472092506,0.1645541472092506,0.2652879697576162,0.21898648197492926,0.20351221802189115,0.2956044770587799,0.2288176400406319,0.2075863921038482
programming_language,fortran,0.137152209492635,0.137152209492635,0.137152209492635,0.22684124386252047,0.18458288574597906,0.17053464266230225,0.2700490998363339,0.19867612515323826,0.17641895929129972
programming_language,java,0.033552952659834066,0.033552952659834066,0.033552952659834066,0.06124938994631528,0.04846344238196564,0.044192288921425085,0.07271839921913129,0.052206429416538,0.04575673770402907
programming_language,javascript,0.22757009345794393,0.22757009345794393,0.22757009345794393,0.3336448598130841,0.2843041645397661,0.2678816199376947,0.37149532710280375,0.2966456362464261,0.2730347871235722
programming_language,matlab,0.03488372093023256,0.03488372093023256,0.03488372093023256,0.03820598006644518,0.036979833068343716,0.036544850498338874,0.03986710963455149,0.037533542924379146,0.036782154722354056
programming_language,python,0.16481689727668314,0.16481689727668314,0.16481689727668314,0.26856695839241185,0.2212251595229007,0.20536433123095227,0.3013494352906664,0.2318826462956178,0.2097961431512744
