config_name,category,recall@1,ndcg@1,mrr@1,recall@5,ndcg@5,mrr@5,recall@10,ndcg@10,mrr@10
overall,holistic,0.2679421673566305,0.2679421673566305,0.2679421673566305,0.44550528972264697,0.3630130030338698,0.3355084805463353,0.5087581894354728,0.3835397821103287,0.3440220944314108
