config_name,category,recall@1,ndcg@1,mrr@1,recall@5,ndcg@5,mrr@5,recall@10,ndcg@10,mrr@10
programming_language,c++,0.5861897252884056,0.5861897252884056,0.5861897252884056,0.7589841480620798,0.6818137546462655,0.655801311312142,0.7961656569009876,0.6939071544780037,0.6608345617827732
programming_language,c,0.5472537247053592,0.5472537247053592,0.5472537247053592,0.7430879845823142,0.6547208938050175,0.6250376794406147,0.7903787710325402,0.6701201611202255,0.6314563912684881
programming_language,fortran,0.42127659574468085,0.42127659574468085,0.42127659574468085,0.5659574468085107,0.50115503670288,0.4793344244408073,0.6029459901800327,0.5131257863987166,0.4842801288545969
programming_language,java,0.25305026842362127,0.25305026842362127,0.25305026842362127,0.4274036115178136,0.3453968272321737,0.3181368960468521,0.4890190336749634,0.3653629475059166,0.3264011383795425
programming_language,javascript,0.5598130841121496,0.5598130841121496,0.5598130841121496,0.7032710280373832,0.639011557516678,0.6173909657320873,0.735981308411215,0.6496238289752285,0.6217910918261386
programming_language,matlab,0.22259136212624583,0.22259136212624583,0.22259136212624583,0.3089700996677741,0.2680520628216238,0.2544296788482835,0.34551495016611294,0.27971851328422526,0.2591579655117861
programming_language,python,0.4600792059844522,0.4600792059844522,0.4600792059844522,0.6161687771964993,0.5456712047259296,0.5219922912694145,0.6577519190338825,0.5591751927073775,0.5275985728798275
