config_name,category,recall@1,ndcg@1,mrr@1,recall@5,ndcg@5,mrr@5,recall@10,ndcg@10,mrr@10
query_type,nasa_science_class_code_docstring_heldout,0.23769190047644256,0.23769190047644256,0.23769190047644256,0.3802717487206635,0.3149585038024526,0.2931004058584789,0.44397388388918296,0.33556514480597255,0.3016118099495547
query_type,nasa_science_class_code_identifier_heldout,0.007425389118949022,0.007425389118949022,0.007425389118949022,0.015993145794659432,0.011897416498471272,0.010543100575943643,0.018563472797372554,0.012725604633902429,0.010882920925045728
query_type,nasa_science_function_code_docstring_heldout,0.2325922251285289,0.2325922251285289,0.2325922251285289,0.38159556237034364,0.31301790264742657,0.29009914013409094,0.43007576440876705,0.3287944669070017,0.2966685743778285
query_type,nasa_science_function_code_identifier_heldout,0.004098885615473293,0.004098885615473293,0.004098885615473293,0.007087656376755903,0.005714786901870251,0.005255255255255255,0.007728107254173605,0.005923349574518146,0.005342156645474181
