config_name,category,recall@1,ndcg@1,mrr@1,recall@5,ndcg@5,mrr@5,recall@10,ndcg@10,mrr@10
division,astrophysics_division,0.43491628772219926,0.43491628772219926,0.43491628772219926,0.5968633732947499,0.5230273000611466,0.4982969029902164,0.6437577511368334,0.5382546031052932,0.5046182626626509
division,biological_and_physical_sciences_division,0.5006598314891889,0.5006598314891889,0.5006598314891889,0.6686630798903664,0.592431966991126,0.566840929854837,0.7096741447568775,0.60566451556156,0.5722873594333345
division,earth_science_division,0.5106589701091616,0.5106589701091616,0.5106589701091616,0.6742298679773675,0.6006696440290259,0.5759196814692041,0.7159513059381608,0.6142782313620524,0.5816040572941755
division,heliophysics_division,0.4735966735966736,0.4735966735966736,0.4735966735966736,0.6016632016632016,0.5444011913551648,0.5251004851004851,0.6340956340956341,0.554856797531205,0.5293959343959344
division,planetary_science_division,0.5107661492238358,0.5107661492238358,0.5107661492238358,0.6982139876481389,0.6143795160591289,0.5861444945195571,0.7374394925721917,0.6271352237930651,0.5914501050517575
