config_name,category,recall@1,ndcg@1,mrr@1,recall@5,ndcg@5,mrr@5,recall@10,ndcg@10,mrr@10
query_type,nasa_science_class_code_docstring_heldout,0.6580201164637375,0.6580201164637375,0.6580201164637375,0.8512440444679725,0.7657744990182697,0.7368978295394388,0.8838891829892359,0.7765010145407186,0.7414245940714971
query_type,nasa_science_class_code_identifier_heldout,0.18249321719263173,0.18249321719263173,0.18249321719263173,0.3454233899757247,0.2685425181421225,0.24301251844447616,0.40711123804083965,0.28846986849049155,0.25122351191892817
query_type,nasa_science_function_code_docstring_heldout,0.6780463606025074,0.6780463606025074,0.6780463606025074,0.8576936953188419,0.7785107951556877,0.7517340128077927,0.889577884008298,0.7889141080419986,0.7560821178385668
query_type,nasa_science_function_code_identifier_heldout,0.12305196191452115,0.12305196191452115,0.12305196191452115,0.25694889201998206,0.1927479113851445,0.1715227075416649,0.31954229110627214,0.2129904685192505,0.17987811779280974
