config_name,category,recall@1,ndcg@1,mrr@1,recall@5,ndcg@5,mrr@5,recall@10,ndcg@10,mrr@10
query_type,nasa_science_class_code_docstring_heldout,0.5297335450855832,0.5297335450855832,0.5297335450855832,0.756837833068643,0.6545442277077148,0.6201311687547791,0.8011293453326275,0.6688880790313877,0.6260627526111909
query_type,nasa_science_class_code_identifier_heldout,0.09238897615307726,0.09238897615307726,0.09238897615307726,0.19648721976295874,0.14703872788449807,0.1306487695749441,0.2490361273739826,0.16408132322205704,0.137713258943446
query_type,nasa_science_function_code_docstring_heldout,0.46883737710832507,0.46883737710832507,0.46883737710832507,0.6715748173536574,0.5799104116527153,0.5491187126063558,0.7228059889961216,0.5966328236592281,0.5561116819927815
query_type,nasa_science_function_code_identifier_heldout,0.03646300328764784,0.03646300328764784,0.03646300328764784,0.08799795055719227,0.06298801717976858,0.05474645261375118,0.11984970752743264,0.07334993082856929,0.05905860159414662
