config_name,category,recall@1,ndcg@1,mrr@1,recall@5,ndcg@5,mrr@5,recall@10,ndcg@10,mrr@10
overall,holistic,0.31446189037655864,0.31446189037655864,0.31446189037655864,0.46630365867303175,0.3969731552622079,0.37374594413157797,0.5115180447295467,0.41170391780069754,0.37988980410473716
