config_name,category,recall@1,ndcg@1,mrr@1,recall@5,ndcg@5,mrr@5,recall@10,ndcg@10,mrr@10
programming_language,c++,0.21072288156693503,0.21072288156693503,0.21072288156693503,0.399286247821396,0.31104012688196303,0.28167344454588206,0.47472819321105486,0.3355589700704847,0.2918633173799578
programming_language,c,0.17641390556667408,0.17641390556667408,0.17641390556667408,0.3385219776147061,0.2614385375441669,0.2359004768611173,0.40656734119042326,0.2834625078486539,0.24500122362586227
programming_language,fortran,0.20523731587561375,0.20523731587561375,0.20523731587561375,0.3852700490998363,0.30102618329194025,0.27297872340425533,0.44680851063829785,0.3209579018536621,0.28122294962720495
programming_language,java,0.13628599316739873,0.13628599316739873,0.13628599316739873,0.28452903855539285,0.21460785387164918,0.19139010899625836,0.34602244997559783,0.2344604467934811,0.19956386003238127
programming_language,javascript,0.22383177570093457,0.22383177570093457,0.22383177570093457,0.3878504672897196,0.31236322173477593,0.28715732087227414,0.44766355140186914,0.3318210491045877,0.295255525886367
programming_language,matlab,0.12458471760797342,0.12458471760797342,0.12458471760797342,0.19601328903654486,0.16110697452695902,0.1496124031007752,0.22259136212624583,0.16995409140491935,0.15341058904181828
programming_language,python,0.21542072067667334,0.21542072067667334,0.21542072067667334,0.37510389673886474,0.3007959312764703,0.276033670692156,0.43279714467315306,0.3195059273228065,0.2837862784906006
